RD-A105,Redragon 104 Crystal Key Caps,87,12,129
RD-A106,Redragon 104 Round Key Caps,67,10,99
ZW-P02,Zoweetek Presenter and Laser Pointer Black,211,45,369
GFT-S003,GoFreetech Wired KB/MOUSE Combo ,103,2,145
GFT-S005,GoFreetech Wireless KB/MOUSE Combo ,132,5,189
K166-1053,Kanex EasySync Ipad Keyboard Stand Cover,491,45,765
K166-1054,Kanex EasySync Ipad Mini Keyboard with Stand Cover,436,12,654
K166-1013,Kanex MultiSync Bluetooth Mac Aluminium Keyboard,1032,5,1564
K166-1102,Kanex MultiSync Bluetooth Mac Keyboard,699,87,1021
K166-1128,Kanex Multisync Foldover Mini Travel Keyboard ,455,14,899
K166-1126,Kanex Ultraslim Mini MultiSync Bluetooth Keyboard,766,36,1145
RD-K501,Redragon ASURA Gaming Keyboard,369,10,457
RD-K556,Redragon DEVARAJAS MECHANICAL Gaming Keyboard,798,76,1446
RD-K503,Redragon HARPE Gaming Keyboard,246,11,369
RD-K555W,Redragon INDRAH WHITE RGB MECHANICAL Gaming Keyboard,839,19,1245
